origin_hub,destination_slug,mode,fare_per_person_inr,duration_minutes,distance_km,source_url,collected_on,review_status
gurugram,agra,car,,240,210,,2026-10-10,draft
delhi,agra,car,,270,230,,2026-10-10,draft
gurugram,agra,bus,450,270,210,,2026-10-10,draft
delhi,agra,bus,500,300,230,,2026-10-10,draft
gurugram,agra,train,280,230,210,,2026-10-10,draft
delhi,agra,train,280,230,230,,2026-10-10,draft
gurugram,ajmer,car,,420,390,,2026-10-10,draft
delhi,ajmer,car,,430,400,,2026-10-10,draft
gurugram,ajmer,bus,600,480,390,,2026-10-10,draft
delhi,ajmer,bus,650,500,400,,2026-10-10,draft
gurugram,ajmer,train,350,420,390,,2026-10-10,draft
delhi,ajmer,train,350,420,400,,2026-10-10,draft
gurugram,almora,car,,540,360,,2026-10-10,draft
delhi,almora,car,,520,350,,2026-10-10,draft
gurugram,almora,bus,700,600,360,,2026-10-10,draft
delhi,almora,bus,650,570,350,,2026-10-10,draft
gurugram,alwar,car,,210,160,,2026-10-10,draft
delhi,alwar,car,,230,180,,2026-10-10,draft
gurugram,alwar,bus,300,240,160,,2026-10-10,draft
delhi,alwar,bus,320,260,180,,2026-10-10,draft
gurugram,alwar,train,170,200,160,,2026-10-10,draft
delhi,alwar,train,170,200,180,,2026-10-10,draft
gurugram,amritsar,car,,480,460,,2026-10-10,draft
delhi,amritsar,car,,490,470,,2026-10-10,draft
gurugram,amritsar,bus,800,540,460,,2026-10-10,draft
delhi,amritsar,bus,850,560,470,,2026-10-10,draft
gurugram,amritsar,train,500,480,460,,2026-10-10,draft
delhi,amritsar,train,500,480,470,,2026-10-10,draft
gurugram,auli,car,,780,520,,2026-10-10,draft
delhi,auli,car,,760,510,,2026-10-10,draft
gurugram,auli,bus,1200,840,520,,2026-10-10,draft
delhi,auli,bus,1150,820,510,,2026-10-10,draft
gurugram,bharatpur,car,,240,190,,2026-10-10,draft
delhi,bharatpur,car,,260,210,,2026-10-10,draft
gurugram,bharatpur,bus,350,270,190,,2026-10-10,draft
delhi,bharatpur,bus,380,290,210,,2026-10-10,draft
gurugram,bharatpur,train,200,210,190,,2026-10-10,draft
delhi,bharatpur,train,200,210,210,,2026-10-10,draft
gurugram,bhimtal,car,,420,310,,2026-10-10,draft
delhi,bhimtal,car,,400,300,,2026-10-10,draft
gurugram,bhimtal,bus,600,480,310,,2026-10-10,draft
delhi,bhimtal,bus,550,460,300,,2026-10-10,draft
gurugram,bhimtal,train,300,390,310,,2026-10-10,draft
delhi,bhimtal,train,300,390,300,,2026-10-10,draft
gurugram,bikaner,car,,480,440,,2026-10-10,draft
delhi,bikaner,car,,500,460,,2026-10-10,draft
gurugram,bikaner,bus,700,540,440,,2026-10-10,draft
delhi,bikaner,bus,750,560,460,,2026-10-10,draft
gurugram,bikaner,train,450,540,440,,2026-10-10,draft
delhi,bikaner,train,450,540,460,,2026-10-10,draft
gurugram,bir,car,,660,500,,2026-10-10,draft
delhi,bir,car,,640,490,,2026-10-10,draft
gurugram,bundi,car,,540,460,,2026-10-10,draft
delhi,bundi,car,,560,480,,2026-10-10,draft
gurugram,bundi,bus,700,600,460,,2026-10-10,draft
delhi,bundi,bus,750,620,480,,2026-10-10,draft
gurugram,bundi,train,400,510,460,,2026-10-10,draft
delhi,bundi,train,400,510,480,,2026-10-10,draft
gurugram,chail,car,,480,350,,2026-10-10,draft
delhi,chail,car,,460,340,,2026-10-10,draft
gurugram,chail,bus,800,540,350,,2026-10-10,draft
delhi,chail,bus,750,520,340,,2026-10-10,draft
gurugram,chakrata,car,,420,300,,2026-10-10,draft
delhi,chakrata,car,,400,290,,2026-10-10,draft
gurugram,dalhousie,car,,720,580,,2026-10-10,draft
delhi,dalhousie,car,,700,570,,2026-10-10,draft
gurugram,dalhousie,bus,1100,780,580,,2026-10-10,draft
delhi,dalhousie,bus,1050,760,570,,2026-10-10,draft
gurugram,dehradun,car,,330,270,,2026-10-10,draft
delhi,dehradun,car,,310,260,,2026-10-10,draft
gurugram,dehradun,bus,600,390,270,,2026-10-10,draft
delhi,dehradun,bus,550,370,260,,2026-10-10,draft
gurugram,dehradun,train,350,360,270,,2026-10-10,draft
delhi,dehradun,train,350,360,260,,2026-10-10,draft
gurugram,dhanaulti,car,,420,300,,2026-10-10,draft
delhi,dhanaulti,car,,400,290,,2026-10-10,draft
gurugram,dharamshala,car,,600,480,,2026-10-10,draft
delhi,dharamshala,car,,580,470,,2026-10-10,draft
gurugram,dharamshala,bus,1000,660,480,,2026-10-10,draft
delhi,dharamshala,bus,950,640,470,,2026-10-10,draft
gurugram,gwalior,car,,360,320,,2026-10-10,draft
delhi,gwalior,car,,380,340,,2026-10-10,draft
gurugram,gwalior,bus,600,420,320,,2026-10-10,draft
delhi,gwalior,bus,650,440,340,,2026-10-10,draft
gurugram,gwalior,train,300,300,320,,2026-10-10,draft
delhi,gwalior,train,300,300,340,,2026-10-10,draft
gurugram,haridwar,car,,300,230,,2026-10-10,draft
delhi,haridwar,car,,280,220,,2026-10-10,draft
gurugram,haridwar,bus,500,360,230,,2026-10-10,draft
delhi,haridwar,bus,450,340,220,,2026-10-10,draft
gurugram,haridwar,train,300,300,230,,2026-10-10,draft
delhi,haridwar,train,300,300,220,,2026-10-10,draft
gurugram,jaipur,car,,300,270,,2026-10-10,draft
delhi,jaipur,car,,310,280,,2026-10-10,draft
gurugram,jaipur,bus,400,330,270,,2026-10-10,draft
delhi,jaipur,bus,420,350,280,,2026-10-10,draft
gurugram,jaipur,train,250,300,270,,2026-10-10,draft
delhi,jaipur,train,250,300,280,,2026-10-10,draft
gurugram,jim-corbett,car,,360,260,,2026-10-10,draft
delhi,jim-corbett,car,,340,250,,2026-10-10,draft
gurugram,jim-corbett,bus,500,420,260,,2026-10-10,draft
delhi,jim-corbett,bus,450,400,250,,2026-10-10,draft
gurugram,jim-corbett,train,280,330,260,,2026-10-10,draft
delhi,jim-corbett,train,280,330,250,,2026-10-10,draft
gurugram,jodhpur,car,,660,600,,2026-10-10,draft
delhi,jodhpur,car,,680,620,,2026-10-10,draft
gurugram,jodhpur,bus,900,720,600,,2026-10-10,draft
delhi,jodhpur,bus,950,740,620,,2026-10-10,draft
gurugram,jodhpur,train,550,660,600,,2026-10-10,draft
delhi,jodhpur,train,550,660,620,,2026-10-10,draft
gurugram,kanatal,car,,430,310,,2026-10-10,draft
delhi,kanatal,car,,410,300,,2026-10-10,draft
gurugram,kasauli,car,,400,300,,2026-10-10,draft
delhi,kasauli,car,,380,290,,2026-10-10,draft
gurugram,kasauli,bus,700,450,300,,2026-10-10,draft
delhi,kasauli,bus,650,430,290,,2026-10-10,draft
gurugram,kasol,car,,720,520,,2026-10-10,draft
delhi,kasol,car,,700,510,,2026-10-10,draft
gurugram,kasol,bus,1100,780,520,,2026-10-10,draft
delhi,kasol,bus,1050,760,510,,2026-10-10,draft
gurugram,kurukshetra,car,,210,190,,2026-10-10,draft
delhi,kurukshetra,car,,200,180,,2026-10-10,draft
gurugram,kurukshetra,bus,350,240,190,,2026-10-10,draft
delhi,kurukshetra,bus,320,220,180,,2026-10-10,draft
gurugram,kurukshetra,train,160,200,190,,2026-10-10,draft
delhi,kurukshetra,train,160,200,180,,2026-10-10,draft
gurugram,lansdowne,car,,390,250,,2026-10-10,draft
delhi,lansdowne,car,,370,240,,2026-10-10,draft
gurugram,lucknow,car,,540,550,,2026-10-10,draft
delhi,lucknow,car,,560,560,,2026-10-10,draft
gurugram,lucknow,bus,900,600,550,,2026-10-10,draft
delhi,lucknow,bus,950,620,560,,2026-10-10,draft
gurugram,lucknow,train,450,480,550,,2026-10-10,draft
delhi,lucknow,train,450,480,560,,2026-10-10,draft
gurugram,manali,car,,780,560,,2026-10-10,draft
delhi,manali,car,,760,550,,2026-10-10,draft
gurugram,manali,bus,1200,840,560,,2026-10-10,draft
delhi,manali,bus,1150,820,550,,2026-10-10,draft
gurugram,mathura,car,,180,150,,2026-10-10,draft
delhi,mathura,car,,200,170,,2026-10-10,draft
gurugram,mathura,bus,300,210,150,,2026-10-10,draft
delhi,mathura,bus,330,230,170,,2026-10-10,draft
gurugram,mathura,train,150,150,150,,2026-10-10,draft
delhi,mathura,train,150,150,170,,2026-10-10,draft
gurugram,mukteshwar,car,,480,340,,2026-10-10,draft
delhi,mukteshwar,car,,460,330,,2026-10-10,draft
gurugram,mussoorie,car,,400,300,,2026-10-10,draft
delhi,mussoorie,car,,380,290,,2026-10-10,draft
gurugram,mussoorie,bus,650,450,300,,2026-10-10,draft
delhi,mussoorie,bus,600,430,290,,2026-10-10,draft
gurugram,nainital,car,,430,320,,2026-10-10,draft
delhi,nainital,car,,410,310,,2026-10-10,draft
gurugram,nainital,bus,600,480,320,,2026-10-10,draft
delhi,nainital,bus,550,460,310,,2026-10-10,draft
gurugram,narkanda,car,,560,400,,2026-10-10,draft
delhi,narkanda,car,,540,390,,2026-10-10,draft
gurugram,neemrana,car,,150,120,,2026-10-10,draft
delhi,neemrana,car,,170,140,,2026-10-10,draft
gurugram,neemrana,bus,350,180,120,,2026-10-10,draft
delhi,neemrana,bus,400,200,140,,2026-10-10,draft
gurugram,orchha,car,,540,450,,2026-10-10,draft
delhi,orchha,car,,560,470,,2026-10-10,draft
gurugram,orchha,bus,700,600,450,,2026-10-10,draft
delhi,orchha,bus,750,620,470,,2026-10-10,draft
gurugram,orchha,train,320,330,450,,2026-10-10,draft
delhi,orchha,train,320,330,470,,2026-10-10,draft
gurugram,pushkar,car,,430,400,,2026-10-10,draft
delhi,pushkar,car,,440,410,,2026-10-10,draft
gurugram,pushkar,bus,650,500,400,,2026-10-10,draft
delhi,pushkar,bus,700,520,410,,2026-10-10,draft
gurugram,ranikhet,car,,500,350,,2026-10-10,draft
delhi,ranikhet,car,,480,340,,2026-10-10,draft
gurugram,ranthambore,car,,420,360,,2026-10-10,draft
delhi,ranthambore,car,,440,380,,2026-10-10,draft
gurugram,ranthambore,bus,600,480,360,,2026-10-10,draft
delhi,ranthambore,bus,650,500,380,,2026-10-10,draft
gurugram,ranthambore,train,300,270,360,,2026-10-10,draft
delhi,ranthambore,train,300,270,380,,2026-10-10,draft
gurugram,rishikesh,car,,330,250,,2026-10-10,draft
delhi,rishikesh,car,,310,240,,2026-10-10,draft
gurugram,rishikesh,bus,550,390,250,,2026-10-10,draft
delhi,rishikesh,bus,500,370,240,,2026-10-10,draft
gurugram,rishikesh,train,300,330,250,,2026-10-10,draft
delhi,rishikesh,train,300,330,240,,2026-10-10,draft
gurugram,sariska,car,,240,190,,2026-10-10,draft
delhi,sariska,car,,260,210,,2026-10-10,draft
gurugram,sariska,bus,350,270,190,,2026-10-10,draft
delhi,sariska,bus,380,290,210,,2026-10-10,draft
gurugram,shimla,car,,480,360,,2026-10-10,draft
delhi,shimla,car,,460,350,,2026-10-10,draft
gurugram,shimla,bus,800,540,360,,2026-10-10,draft
delhi,shimla,bus,750,520,350,,2026-10-10,draft
gurugram,udaipur,car,,660,630,,2026-10-10,draft
delhi,udaipur,car,,680,650,,2026-10-10,draft
gurugram,udaipur,bus,1100,720,630,,2026-10-10,draft
delhi,udaipur,bus,1150,740,650,,2026-10-10,draft
gurugram,udaipur,train,550,780,630,,2026-10-10,draft
delhi,udaipur,train,550,780,650,,2026-10-10,draft
gurugram,vrindavan,car,,200,160,,2026-10-10,draft
delhi,vrindavan,car,,220,180,,2026-10-10,draft
gurugram,vrindavan,bus,320,240,160,,2026-10-10,draft
delhi,vrindavan,bus,350,260,180,,2026-10-10,draft
gurugram,vrindavan,train,180,180,160,,2026-10-10,draft
delhi,vrindavan,train,180,180,180,,2026-10-10,draft
